filename,note,string,fret,take,f0_ideal,h1_freq,h2_freq,h3_freq,h4_freq,h5_freq,h1_amp,h2_amp,h3_amp,h4_amp,h5_amp,h2_h1,h3_h1,h4_h1,h5_h1,log_h3_h2,harmonic_centroid,spectral_centroid,rolloff_85,mean_relative_harmonic_deviation,pitch_error_hz,pitch_error_cents,tuning_ok
D3_S4_F0_01.wav,D3,4,0,1,146.8323839587038,146,294,440,588,734,0.9586942779982126,0.3297094621281965,1,0.093381237,0.12630633340905822,0.34391512465959584,1.0430853953650743,0.097404605,0.1317482917211004,1.1095413971411172,328.74439586345204,429.20863123068114,440,0.005936073,-0.832383959,-9.842185574,TRUE
D3_S4_F0_02.wav,D3,4,0,2,146.8323839587038,146,294,440,588,734,0.7737795833995251,0.4178666717957115,1,0.04892451,0.077617038,0.5400332094055197,1.2923576964987853,0.063227967,0.10030897640003106,0.8725914712286217,328.51658407914056,440.51717981546244,440,0.005936073,-0.832383959,-9.842185574,TRUE
D3_S4_F0_03.wav,D3,4,0,3,146.8323839587038,146.00608358681612,294.0122505104379,440.01833409725407,588.0245010208758,734.0305846,0.9733133831892589,0.49333689112026574,1,0.074131847,0.088988655,0.5068633593671006,1.0274183189830361,0.076164418,0.091428574,0.7065619621769675,317.93144980365565,438.3571464857839,440.01833409725407,0.005936073,-0.826300372,-9.770049319,TRUE
D3_S4_F0_04.wav,D3,4,0,4,146.8323839587038,146,294,440,588,734,0.8868691198407891,0.5020214546895585,1,0.087738511,0.118308843,0.5660603616232365,1.1275620918896354,0.09893062,0.13340056697210048,0.68911143,329.68269694749824,457.53176525198916,440,0.005936073,-0.832383959,-9.842185574,TRUE
D3_S4_F0_05.wav,D3,4,0,5,146.8323839587038,146,294,440,588,734,0.9344341565813143,0.4399299998212007,1,0.097684197,0.1306963892356325,0.4707982865595496,1.0701663599911226,0.10453834139784511,0.1398668791322798,0.821138383,330.08856006373884,442.07626514658244,440,0.005936073,-0.832383959,-9.842185574,TRUE
D3_S4_F0_06.wav,D3,4,0,6,146.8323839587038,146,294,440,588,734,0.8261473440901219,0.42272555412140467,1,0.06297096,0.089698942,0.5116830032141225,1.210437831887423,0.076222432,0.10857499299932183,0.8610307531279104,328.0244570287796,431.2419502,440,0.005936073,-0.832383959,-9.842185574,TRUE
D3_S4_F0_07.wav,D3,4,0,7,146.8323839587038,146,294,440,588,734,0.9777134889725101,0.3635351505571276,1,0.084846336,0.11624093197191816,0.3718217603187317,1.0227945213795824,0.086780368,0.11889058838093462,1.011877536,324.4402090587118,451.78927295538364,440,0.005936073,-0.832383959,-9.842185574,TRUE
D3_S4_F0_08.wav,D3,4,0,8,146.8323839587038,146,294,440,588,734,0.8272083245739016,0.31999733734659935,1,0.062270160718929005,0.10406246918704157,0.3868400834958126,1.2088853198075638,0.075277483,0.1257995913431415,1.139440479,331.89350795119736,457.15170910436126,440,0.005936073,-0.832383959,-9.842185574,TRUE
D3_S4_F0_09.wav,D3,4,0,9,146.8323839587038,146,294,440,588,734,0.9381516821200407,0.44754840116964145,1,0.085163189,0.11710796106201667,0.4770533483010646,1.0659257122901427,0.090777633,0.12482838680987642,0.8039693536844837,326.3492898118356,466.0989236135989,440,0.005936073,-0.832383959,-9.842185574,TRUE
D3_S4_F0_10.wav,D3,4,0,10,146.8323839587038,146,294,440,588,734,0.8665999828159674,0.4538004935551422,1,0.069157477,0.10856112920412016,0.5236562457346736,1.1539349409522912,0.079803229,0.12527248021787046,0.7900964154223998,328.3628124460541,445.05740093084785,440,0.005936073,-0.832383959,-9.842185574,TRUE
D3_S5_F5_01.wav,D3,5,5,1,146.8323839587038,146,294,440,588,734,1,0.9410533240728072,0.8404164989542581,0.084002415,0.085658002,0.9410533240728072,0.8404164989542581,0.084002415,0.085658002,-0.113102077,306.5670630436987,420.1709470118064,440,0.005936073,-0.832383959,-9.842185574,TRUE
D3_S5_F5_02.wav,D3,5,5,2,146.8323839587038,146,294,440,586,734,1,0.46552854597705384,0.5925310611470218,0.056959596,0.022767488,0.46552854597705384,0.5925310611470218,0.056959596,0.022767488,0.24122941699626607,277.7025049018608,422.80885969931796,440,0.005079909,-0.832383959,-9.842185574,TRUE
D3_S5_F5_03.wav,D3,5,5,3,146.8323839587038,146,294,440,588,734,1,0.48915984079235203,0.6840964945944965,0.039685269512405114,0.029804189799356375,0.48915984079235203,0.6840964945944965,0.039685269512405114,0.029804189799356375,0.3354090902530824,283.59284681482313,410.6175339442077,440,0.005936073,-0.832383959,-9.842185574,TRUE
D3_S5_F5_04.wav,D3,5,5,4,146.8323839587038,146,294,442,588,736,1,0.5522994269067709,0.6370862968823875,0.046669499,0.051599709,0.5522994269067709,0.6370862968823875,0.046669499,0.051599709,0.14281454008534586,286.48867322655656,435.56522904295093,440,0.007762557,-0.832383959,-9.842185574,TRUE
D3_S5_F5_05.wav,D3,5,5,5,146.8323839587038,146,294,440,588,736,0.9970116712675979,1,0.8226188222976674,0.11736582164336229,0.12735127312276132,1.002997285607101,0.8250844458538705,0.11771760053133952,0.12773298126073815,-0.195262126,314.6697945208474,425.1371095073481,440,0.006621005,-0.832383959,-9.842185574,TRUE
D3_S5_F5_06.wav,D3,5,5,6,146.8323839587038,146,294,440,588,734,1,0.9960617541271979,0.953973344,0.10783333798485374,0.062113692,0.9960617541271979,0.953973344,0.10783333798485374,0.062113692,-0.043173484,310.12609684032157,417.7942011554049,442,0.005936073,-0.832383959,-9.842185574,TRUE
D3_S5_F5_07.wav,D3,5,5,7,146.8323839587038,146,294,440,586,734,1,0.6535311748087989,0.7424683594733319,0.088639968,0.034802733,0.6535311748087989,0.7424683594733319,0.088639968,0.034802733,0.1275898366740052,294.63365355531795,450.2037742991203,440,0.005079909,-0.832383959,-9.842185574,TRUE
D3_S5_F5_08.wav,D3,5,5,8,146.8323839587038,148,294,442,588,736,1,0.89293648,0.9249818642065752,0.16384396951846616,0.13104600701466354,0.89293648,0.9249818642065752,0.16384396951846616,0.13104600701466354,0.035258645,325.1582879682976,428.2370649,442,0.005855856,1.1676160412962133,13.712382525148238,TRUE
D3_S5_F5_09.wav,D3,5,5,9,146.8323839587038,146.00608358681612,294.0122505104379,440.01833409725407,586.0244176840702,734.0305846,1,0.6992468980590104,0.6277319059284475,0.080946743,0.064983995,0.6992468980590104,0.6277319059284475,0.080946743,0.064983995,-0.107890559,292.34542571040885,419.4906129147711,440.01833409725407,0.005079909,-0.826300372,-9.770049319,TRUE
D3_S5_F5_10.wav,D3,5,5,10,146.8323839587038,146,294,440,586,734,1,0.7761858805690223,0.6629689140216414,0.082724568,0.082581592,0.7761858805690223,0.6629689140216414,0.082724568,0.082581592,-0.157663706,297.5650125512473,423.78347858380374,440,0.005079909,-0.832383959,-9.842185574,TRUE
D3_S6_F10_01.wav,D3,6,10,1,146.8323839587038,148,294,442,590,738,0.6430334198816825,0.030061044,1,0.003405568,0.071253376,0.046748806,1.5551291256121633,0.005296098,0.1108082005320298,3.504492884804206,343.6418244135352,393.23839231499335,444,0.004335586,1.1676160412962133,13.712382525148238,TRUE
D3_S6_F10_02.wav,D3,6,10,2,146.8323839587038,148,296,442,590,738,0.4455794053774594,0.031380365,1,0.015389608241197889,0.055054846010341406,0.070425977,2.2442688955807544,0.034538419,0.12355787845199741,3.4615420417904765,366.38434628021594,422.2712357,444,0.002646396,1.1676160412962133,13.712382525148238,TRUE
D3_S6_F10_03.wav,D3,6,10,3,146.8323839587038,148,296,442,590,738,0.5520485997347387,0.025441616046024584,1,0.001815908,0.051665474900394685,0.046085827,1.8114347187557462,0.003289399,0.093588635,3.671330713798741,349.751288,404.16812628167185,444,0.002646396,1.1676160412962133,13.712382525148238,TRUE
D3_S6_F10_04.wav,D3,6,10,4,146.8323839587038,146,296,442,588,736,0.49084080896771454,0.017824615,1,0.007843519,0.077049907,0.036314451,2.0373204137265932,0.015979761,0.15697534804258553,4.027119826,364.12810533119784,415.47997732123554,442,0.009474886,-0.832383959,-9.842185574,TRUE
D3_S6_F10_05.wav,D3,6,10,5,146.8323839587038,148,296,442,590,738,0.5283928146323995,0.025642315710299065,1,0.016495192556292983,0.070747516,0.048528888,1.8925314128196378,0.03121767,0.1338918960769618,3.6634733374156245,359.31521061737766,408.8922031117863,444,0.002646396,1.1676160412962133,13.712382525148238,TRUE
D3_S6_F10_06.wav,D3,6,10,6,146.8323839587038,145.99391692012833,293.98775051039536,441.9815841006624,587.9755010207907,735.9693346110578,0.4950166453389503,0.071443228,1,0.032040254,0.07108895,0.14432490032167583,2.0201340892593116,0.06472561,0.1436092114642472,2.6388391616882023,363.2106947511746,407.05852034229275,441.9815841006624,0.007762557,-0.838467039,-9.914318823,TRUE
D3_S6_F10_07.wav,D3,6,10,7,146.8323839587038,148,296,444,592,740,1,0.035288876646058946,0.8091149630992056,0.018980781778907822,0.056304453215124256,0.035288876646058946,0.8091149630992056,0.018980781778907822,0.056304453215124256,3.1323461058257283,297.2327533681858,355.8706616,444,0,1.1676160412962133,13.712382525148238,TRUE
D3_S6_F10_08.wav,D3,6,10,8,146.8323839587038,148,294,442,588,736,0.5745317037738331,0.032241624,1,0.019645672,0.086530178,0.056118093,1.7405479861798094,0.034194234,0.15060992697443687,3.4344669881306817,357.13120017685856,401.10021162088094,442,0.005855856,1.1676160412962133,13.712382525148238,TRUE
D3_S6_F10_09.wav,D3,6,10,9,146.8323839587038,148,296,442,590,736,0.5142683567024061,0.015564686439585251,1,0.012713348379409344,0.079191103,0.03026569,1.944510073324761,0.024721233989448494,0.15398789694269296,4.162687374577356,362.88511131478447,411.30557331101994,442,0.003322072,1.1676160412962133,13.712382525148238,TRUE
D3_S6_F10_10.wav,D3,6,10,10,146.8323839587038,148,296,442,590,738,0.6164851956126667,0.016006988969983618,1,0.019152811264213705,0.06442184,0.025964920299628245,1.622098968664112,0.031067755,0.10449859948562179,4.1346683707319505,347.78444615745843,394.8704112217776,444,0.002646396,1.1676160412962133,13.712382525148238,TRUE
E3_S4_F2_01.wav,E3,4,2,1,164.81377845643496,164,330,494,660,826,1,0.3317157856869774,0.082125557,0.14252762974088948,0.10239624817735138,0.3317157856869774,0.082125557,0.14252762974088948,0.10239624817735138,-1.396020111,297.01838752237575,389.9635234914631,166,0.005894309,-0.813778456,-8.569250688,TRUE
E3_S4_F2_02.wav,E3,4,2,2,164.81377845643496,164,330,496,660,824,1,0.28724877600940724,0.045434557,0.1887378059661587,0.068976599,0.28724877600940724,0.045434557,0.1887378059661587,0.068976599,-1.844057143,290.9531966,424.00970448709546,166,0.006300813,-0.813778456,-8.569250688,TRUE
E3_S4_F2_03.wav,E3,4,2,3,164.81377845643496,164,330,494,660,826,1,0.46701432919352454,0.042915718874855034,0.21376860130296127,0.089811661,0.46701432919352454,0.042915718874855034,0.21376860130296127,0.089811661,-2.387100615,305.8084640569589,435.7604044971189,330,0.005894309,-0.813778456,-8.569250688,TRUE
E3_S4_F2_04.wav,E3,4,2,4,164.81377845643496,164,330,496,660,824,1,0.22869295487105545,0.032452054900751745,0.12052609323302613,0.04455657,0.22869295487105545,0.032452054900751745,0.12052609323302613,0.04455657,-1.952590088,260.70643302029816,417.0992656717758,166,0.006300813,-0.813778456,-8.569250688,TRUE
E3_S4_F2_05.wav,E3,4,2,5,164.81377845643496,164,330,496,660,826,1,0.5724023401085876,0.034640163,0.23929073358804467,0.10432496308632297,0.5724023401085876,0.034640163,0.23929073358804467,0.10432496308632297,-2.804801223,314.8571066144968,450.8381965838362,330,0.006910569,-0.813778456,-8.569250688,TRUE
E3_S4_F2_06.wav,E3,4,2,6,164.81377845643496,164,330,494,660,826,1,0.31871347561289026,0.033548640102499534,0.11834398327851739,0.040573139,0.31871347561289026,0.033548640102499534,0.11834398327851739,0.040573139,-2.251269505,262.9528693558258,390.5004336118194,166,0.005894309,-0.813778456,-8.569250688,TRUE
E3_S4_F2_07.wav,E3,4,2,7,164.81377845643496,164,330,496,660,826,1,0.3120877478757237,0.050573891690444316,0.17480332867642923,0.10614076297628444,0.3120877478757237,0.050573891690444316,0.17480332867642923,0.10614076297628444,-1.819832354,301.23773896500734,398.1413400401115,166,0.006910569,-0.813778456,-8.569250688,TRUE
E3_S4_F2_08.wav,E3,4,2,8,164.81377845643496,164.00683361806742,330.0137505729405,494.02058419100797,660.0275011,826.0344181007542,1,0.2866151701003402,0.063780998,0.13222689125940415,0.046099353,0.2866151701003402,0.063780998,0.13222689125940415,0.046099353,-1.502672941,271.7667644238854,405.6465907660091,166.00691695487313,0.005894309,-0.806944838,-8.497114433,TRUE
E3_S4_F2_09.wav,E3,4,2,9,164.81377845643496,164,330,494,660,826,1,0.3254261240199118,0.046792576,0.11488893533446443,0.058145697,0.3254261240199118,0.046792576,0.11488893533446443,0.058145697,-1.939392621,270.7395529484563,389.47403206885264,166,0.005894309,-0.813778456,-8.569250688,TRUE
E3_S4_F2_10.wav,E3,4,2,10,164.81377845643496,164,330,496,660,826,1,0.2520481891612028,0.040190910316066794,0.067628182,0.045304634059055715,0.2520481891612028,0.040190910316066794,0.067628182,0.045304634059055715,-1.835958524,248.48690599930305,369.6802272847155,166,0.006910569,-0.813778456,-8.569250688,TRUE
E3_S5_F7_01.wav,E3,5,7,1,164.81377845643496,163.99316695137702,329.9862505728928,493.97941752426976,659.9725011457856,823.9656680971625,1,0.12305699799034084,0.2776368882205941,0.12626177206481676,0.020764847017238307,0.12305699799034084,0.2776368882205941,0.12626177206481676,0.020764847017238307,0.8136619316493287,285.7014620491367,375.1891380591863,165.99308362151575,0.005284553,-0.820611505,-8.641383937,TRUE
E3_S5_F7_02.wav,E3,5,7,2,164.81377845643496,164,330,494,658,824,1,0.075649999,0.3150872743249831,0.1442562831380499,0.016982016024082083,0.075649999,0.3150872743249831,0.1442562831380499,0.016982016024082083,1.4267221859927002,292.22845819625434,389.7040782281634,166,0.004522358,-0.813778456,-8.569250688,TRUE
E3_S5_F7_03.wav,E3,5,7,3,164.81377845643496,164,330,494,658,824,1,0.087897311,0.33368902054725097,0.12111452023452275,0.014701773,0.087897311,0.33368902054725097,0.12111452023452275,0.014701773,1.3340318921646257,288.7218095277859,389.324208,166,0.004522358,-0.813778456,-8.569250688,TRUE
E3_S5_F7_04.wav,E3,5,7,4,164.81377845643496,164,330,494,660,824,1,0.13398025742183434,0.30979039551686327,0.10182691731691962,0.020021362735793927,0.13398025742183434,0.30979039551686327,0.10182691731691962,0.020021362735793927,0.8381992330990442,284.20281543723377,385.53288075239124,166,0.005284553,-0.813778456,-8.569250688,TRUE
E3_S5_F7_05.wav,E3,5,7,5,164.81377845643496,164,330,494,660,826,1,0.22752711380659768,0.2922371698254343,0.11626873955295268,0.022471367990567908,0.22752711380659768,0.2922371698254343,0.11626873955295268,0.022471367990567908,0.250295312,288.66238163877387,400.53526633728995,166,0.005894309,-0.813778456,-8.569250688,TRUE
E3_S5_F7_06.wav,E3,5,7,6,164.81377845643496,164,330,494,660,826,1,0.25036731822555375,0.3371473883076496,0.073763617,0.028158396,0.25036731822555375,0.3371473883076496,0.073763617,0.028158396,0.2975900482643394,287.14591170688107,389.4957425523301,330,0.005894309,-0.813778456,-8.569250688,TRUE
E3_S5_F7_07.wav,E3,5,7,7,164.81377845643496,164,330,494,660,826,1,0.33434170569373534,0.3257606104023703,0.097929119,0.022348040932093898,0.33434170569373534,0.3257606104023703,0.097929119,0.022348040932093898,-0.026000674,291.14647283605564,386.4942534,330,0.005894309,-0.813778456,-8.569250688,TRUE
E3_S5_F7_08.wav,E3,5,7,8,164.81377845643496,164,330,494,660,826,1,0.25623355603446546,0.2748959837154254,0.072258879,0.004015674,0.25623355603446546,0.2748959837154254,0.072258879,0.004015674,0.070303163,270.8488164298513,382.11214986307147,168,0.005894309,-0.813778456,-8.569250688,TRUE
E3_S5_F7_09.wav,E3,5,7,9,164.81377845643496,164,330,496,660,826,1,0.10063540998026332,0.4353866060846631,0.05706,0.022312342019082984,0.10063540998026332,0.4353866060846631,0.05706,0.022312342019082984,1.4647225623925006,290.4869847367083,417.13105752630423,494,0.006910569,-0.813778456,-8.569250688,TRUE
E3_S5_F7_10.wav,E3,5,7,10,164.81377845643496,164,332,494,660,824,1,0.053424424033170284,0.24813606818676093,0.091731399,0.008318219,0.053424424033170284,0.24813606818676093,0.091731399,0.008318219,1.5356945496332246,265.2043245918453,372.40536148828056,166,0.006808943,-0.813778456,-8.569250688,TRUE
E3_S6_F12_01.wav,E3,6,12,1,164.81377845643496,164,332,496,662,828,1,0.23654372412702648,0.44984968074926723,0.11548612711645834,0.023792513075906515,0.23654372412702648,0.44984968074926723,0.11548612711645834,0.023792513075906515,0.6427784087297832,307.7277633500858,349.91911765237506,332,0.009806911,-0.813778456,-8.569250688,TRUE
E3_S6_F12_02.wav,E3,6,12,2,164.81377845643496,166,332,498,662,830,1,0.22549125297908984,0.39479664326797026,0.050898999037828054,0.017848110019713193,0.22549125297908984,0.39479664326797026,0.050898999037828054,0.017848110019713193,0.5600875346161306,287.7269514779945,337.8741083348688,332,0.000753012,1.1862215435650398,12.415661386718076,TRUE
E3_S6_F12_03.wav,E3,6,12,3,164.81377845643496,164,330,496,662,828,1,0.2524223693952648,0.3742853364827656,0.11821389313562276,0.027276205220247155,0.2524223693952648,0.3742853364827656,0.11821389313562276,0.027276205220247155,0.39391339494673694,301.2006914232612,351.1673707394723,330,0.00828252,-0.813778456,-8.569250688,TRUE
E3_S6_F12_04.wav,E3,6,12,4,164.81377845643496,164,330,496,662,828,1,0.20022703654639812,0.3870112086809737,0.090833433,0.017191668,0.20022703654639812,0.3870112086809737,0.090833433,0.017191668,0.65899934,292.8152234,345.44004556573157,168,0.00828252,-0.813778456,-8.569250688,TRUE
E3_S6_F12_05.wav,E3,6,12,5,164.81377845643496,166,332,498,662,830,1,0.2552853592084798,0.3362299411064658,0.068709675,0.017524676,0.2552853592084798,0.3362299411064658,0.068709675,0.017524676,0.27541235620612664,285.04165401330687,343.39251665545424,330,0.000753012,1.1862215435650398,12.415661386718076,TRUE
E3_S6_F12_06.wav,E3,6,12,6,164.81377845643496,164,330,494,660,826,1,0.24524603426872368,0.2781552793894388,0.063310385,0.035482657,0.24524603426872368,0.2781552793894388,0.063310385,0.035482657,0.12591710613100646,279.51855878331986,330.36906918339054,166,0.005894309,-0.813778456,-8.569250688,TRUE
E3_S6_F12_07.wav,E3,6,12,7,164.81377845643496,164,330,496,660,826,1,0.19449691211361722,0.36097739395816364,0.072761347,0.027181321,0.19449691211361722,0.36097739395816364,0.072761347,0.027181321,0.618396678,288.5696087286007,340.56590453585244,166,0.006910569,-0.813778456,-8.569250688,TRUE
E3_S6_F12_08.wav,E3,6,12,8,164.81377845643496,164,330,496,662,826,1,0.3182106378044292,0.25327190799605703,0.088256207,0.011126925384057636,0.3182106378044292,0.25327190799605703,0.088256207,0.011126925384057636,-0.228249094,276.65229609248485,318.78914390833717,168,0.007672764,-0.813778456,-8.569250688,TRUE
E3_S6_F12_09.wav,E3,6,12,9,164.81377845643496,164,330,496,662,828,1,0.24602329822413185,0.33658724060652073,0.047075049,0.012588875,0.24602329822413185,0.33658724060652073,0.047075049,0.012588875,0.31343004101349803,276.2767374566582,323.9914390747974,166,0.00828252,-0.813778456,-8.569250688,TRUE
E3_S6_F12_10.wav,E3,6,12,10,164.81377845643496,164,330,494,660,826,1,0.270851663,0.21540666948537612,0.063009584,0.028860882819613267,0.270851663,0.21540666948537612,0.063009584,0.028860882819613267,-0.229042626,269.4440138616232,333.1084323390137,166,0.005894309,-0.813778456,-8.569250688,TRUE
E4_S1_F0_01.wav,E4,1,0,1,329.6275569128699,330,660,990,1320,1650,1,0.43806015129826825,0.28849563349708507,0.013867350674674421,0.038790244,0.43806015129826825,0.28849563349708507,0.013867350674674421,0.038790244,-0.417675099,554.7615560981615,639.4826041510047,660,0,0.3724430871300797,1.9550008653876136,TRUE
E4_S1_F0_02.wav,E4,1,0,2,329.6275569128699,330,660,990,1320,1650,1,0.29502882655253504,0.12837698217653254,0.011173575333561487,0.017199541,0.29502882655253504,0.12837698217653254,0.011173575333561487,0.017199541,-0.83209756,478.6821108685346,555.4527823718101,332,0,0.3724430871300797,1.9550008653876136,TRUE
E4_S1_F0_03.wav,E4,1,0,3,329.6275569128699,330,660,990,1320,1650,1,0.16859314968488304,0.13920685173891764,0.014737118783947071,0.015454984254085466,0.16859314968488304,0.13920685173891764,0.014737118783947071,0.015454984254085466,-0.191526193,466.4003478,557.2824693451373,332,0,0.3724430871300797,1.9550008653876136,TRUE
E4_S1_F0_04.wav,E4,1,0,4,329.6275569128699,330,658,988,1320,1648,1,0.34159138656199856,0.1508824967776004,0.002608952,0.031803181863845675,0.34159138656199856,0.1508824967776004,0.002608952,0.031803181863845675,-0.81711018,497.5449975884447,585.7979547519958,332,0.001565657,0.3724430871300797,1.9550008653876136,TRUE
E4_S1_F0_05.wav,E4,1,0,5,329.6275569128699,330,658,988,1318,1648,1,0.28468391425950595,0.15624612230998863,0.014043003881541078,0.018152871662845627,0.28468391425950595,0.15624612230998863,0.014043003881541078,0.018152871662845627,-0.599944133,488.83655505585534,566.4244117457424,332,0.001944444,0.3724430871300797,1.9550008653876136,TRUE
E4_S1_F0_06.wav,E4,1,0,6,329.6275569128699,330,658,988,1318,1648,1,0.35967802790522174,0.20223870567888555,0.003931316,0.049219174,0.35967802790522174,0.20223870567888555,0.003931316,0.049219174,-0.575758389,528.0118654763743,619.8769620965455,332,0.001944444,0.3724430871300797,1.9550008653876136,TRUE
E4_S1_F0_07.wav,E4,1,0,7,329.6275569128699,330,658,988,1318,1648,1,0.6025504450376796,0.32277878149812667,0.021403612,0.09607414,0.6025504450376796,0.32277878149812667,0.021403612,0.09607414,-0.624202748,603.0544175572319,693.4016714,658,0.001944444,0.3724430871300797,1.9550008653876136,TRUE
E4_S1_F0_08.wav,E4,1,0,8,329.6275569128699,330,658,988,1318,1648,1,0.2492604059012085,0.21141609570225972,0.018376088,0.040181908,0.2492604059012085,0.21141609570225972,0.018376088,0.040181908,-0.16466923,522.1918797564992,612.5222216841903,332,0.001944444,0.3724430871300797,1.9550008653876136,TRUE
E4_S1_F0_09.wav,E4,1,0,9,329.6275569128699,330,658,990,1318,1648,1,0.4492015349671167,0.1681181522176432,0.03806561,0.042609549,0.4492015349671167,0.1681181522176432,0.03806561,0.042609549,-0.982800899,537.3412017525841,648.3627125759997,658,0.001439394,0.3724430871300797,1.9550008653876136,TRUE
E4_S1_F0_10.wav,E4,1,0,10,329.6275569128699,330,658,990,1318,1648,1,0.4291062594062381,0.14606247105703052,0.017635012,0.033288067,0.4291062594062381,0.14606247105703052,0.017635012,0.033288067,-1.077665649,513.5352387077627,621.2948194,658,0.001439394,0.3724430871300797,1.9550008653876136,TRUE
E4_S2_F5_01.wav,E4,2,5,1,329.6275569128699,330,658,990,1320,1652,1,0.25599213659699893,0.077254422,0.05238239,0.012090773644194438,0.25599213659699893,0.077254422,0.05238239,0.012090773644194438,-1.198033527,475.09053949311766,633.7896427439309,332,0.001060606,0.3724430871300797,1.9550008653876136,TRUE
E4_S2_F5_02.wav,E4,2,5,2,329.6275569128699,330,658,990,1320,1650,1,0.25608924888487583,0.055359912984692373,0.033652340062028836,0.027855032397470135,0.25608924888487583,0.055359912984692373,0.033652340062028836,0.027855032397470135,-1.531656114,468.8385363003183,597.7676429448322,332,0.000757576,0.3724430871300797,1.9550008653876136,TRUE
E4_S2_F5_03.wav,E4,2,5,3,329.6275569128699,330,658,990,1318,1650,1,0.4628638924230086,0.062525934,0.053812677,0.031208294,0.4628638924230086,0.062525934,0.053812677,0.031208294,-2.001837791,508.4938024300181,631.0090414688524,658,0.001136364,0.3724430871300797,1.9550008653876136,TRUE
E4_S2_F5_04.wav,E4,2,5,4,329.6275569128699,330,658,988,1316,1648,1,0.4827611499801954,0.082278084,0.021732672,0.018220797421565852,0.4827611499801954,0.082278084,0.021732672,0.018220797421565852,-1.769407162,490.7035728223749,541.7386507279525,656,0.002323232,0.3724430871300797,1.9550008653876136,TRUE
E4_S2_F5_05.wav,E4,2,5,5,329.6275569128699,330.0137505729405,658.0274178090754,988.0411683820159,1316.0548356181507,1648.068669527897,1,0.5385345703428722,0.11989537100538886,0.1707483053089714,0.038128165,0.5385345703428722,0.11989537100538886,0.1707483053089714,0.038128165,-1.502225754,583.9415459795757,677.4918473668781,658.0274178090754,0.002323232,0.3861936600706031,2.027137120281015,TRUE
E4_S2_F5_06.wav,E4,2,5,6,329.6275569128699,330,658,986,1316,1646,1,0.4749656398855923,0.2296438718105331,0.089538184,0.021924527053343888,0.4749656398855923,0.2296438718105331,0.089538184,0.021924527053343888,-0.72671049,563.2354582782433,653.8604397130898,656,0.003131313,0.3724430871300797,1.9550008653876136,TRUE
E4_S2_F5_07.wav,E4,2,5,7,329.6275569128699,330,658,986,1316,1646,1,0.3941667192460305,0.15841694693106212,0.083417932,0.058528193,0.3941667192460305,0.15841694693106212,0.083417932,0.058528193,-0.911539728,561.6166918014803,673.5174688953934,332,0.003131313,0.3724430871300797,1.9550008653876136,TRUE
E4_S2_F5_08.wav,E4,2,5,8,329.6275569128699,332,660,992,1322,1656,1,0.8581876591502432,0.11170227148353816,0.082880612,0.047523214,0.8581876591502432,0.11170227148353816,0.082880612,0.047523214,-2.038977964,570.1483978,567.1662022555184,660,0.004241968,2.3724430871300797,12.415661386718076,TRUE
E4_S2_F5_09.wav,E4,2,5,9,329.6275569128699,332,660,992,1324,1656,0.8479683349933957,1,0.15235839297031004,0.15805148490917081,0.067834141,1.1792893186368667,0.17967462543456492,0.18638842794808108,0.079996077,-1.881514122,635.2756572022395,704.6318475313817,662,0.003865462,2.3724430871300797,12.415661386718076,TRUE
E4_S2_F5_10.wav,E4,2,5,10,329.6275569128699,330,662,992,1324,1656,0.8284252377703407,1,0.2084485500287806,0.1275091372512993,0.028092114991972145,1.2071095307181163,0.25162023140411316,0.1539174948296878,0.033910259744838855,-1.568059233,619.1650556778701,636.9219103935382,662,0.002929293,0.3724430871300797,1.9550008653876136,TRUE
E4_S3_F9_01.wav,E4,3,9,1,329.6275569128699,332,662,996,1330,1666,1,0.033223827,0.068869739,0.013479446835920608,0.022384003,0.033223827,0.068869739,0.013479446835920608,0.022384003,0.7289339967075065,419.8821566,457.7003085882176,332,0.002033133,2.3724430871300797,12.415661386718076,TRUE
E4_S3_F9_02.wav,E4,3,9,2,329.6275569128699,332,662,996,1330,1664,1,0.029209152653182642,0.10671772060505526,0.007212156,0.012982218,0.029209152653182642,0.10671772060505526,0.007212156,0.012982218,1.2956802513170445,422.81195688827125,468.30341412832047,332,0.001731928,2.3724430871300797,12.415661386718076,TRUE
E4_S3_F9_03.wav,E4,3,9,3,329.6275569128699,331.9861672430315,661.9724178159242,995.9585017290946,1327.944668972126,1663.930669555435,1,0.046412459540527556,0.084535453,0.016064782362356585,0.020111069215992875,0.046412459540527556,0.084535453,0.016064782362356585,0.020111069215992875,0.599593339,429.8604146109045,477.1459736103083,331.9861672430315,0.001355422,2.358610330161582,12.34352813743917,TRUE
E4_S3_F9_04.wav,E4,3,9,4,329.6275569128699,330,662,994,1326,1660,1,0.027526323,0.1119863086545263,0.008640886,0.038185689903851246,0.027526323,0.1119863086545263,0.008640886,0.038185689903851246,1.4032064699491518,450.4469490493207,496.85078202483885,332,0.004419192,0.3724430871300797,1.9550008653876136,TRUE
E4_S3_F9_05.wav,E4,3,9,5,329.6275569128699,332,664,996,1330,1666,1,0.021366778,0.14170511764427088,0.007238562,0.005545935,0.021366778,0.14170511764427088,0.007238562,0.005545935,1.8918712310632901,430.48849810725534,479.44034296491293,332,0.00128012,2.3724430871300797,12.415661386718076,TRUE
E4_S3_F9_06.wav,E4,3,9,6,329.6275569128699,330,662,994,1326,1660,1,0.049936496273641134,0.14379200173870452,0.008352998,0.027273462,0.049936496273641134,0.14379200173870452,0.008352998,0.027273462,1.0576026285673348,457.4246261458887,493.0052354733205,332,0.004419192,0.3724430871300797,1.9550008653876136,TRUE
E4_S3_F9_07.wav,E4,3,9,7,329.6275569128699,330,662,994,1326,1660,1,0.049344342036197066,0.3018853394294362,0.009187948,0.022418423708058254,0.049344342036197066,0.3018853394294362,0.009187948,0.022418423708058254,1.811207211901786,514.9835244994908,578.9956135162881,332,0.004419192,0.3724430871300797,1.9550008653876136,TRUE
E4_S3_F9_08.wav,E4,3,9,8,329.6275569128699,332,664,996,1330,1666,1,0.021799039308249342,0.029951945647568055,0.00757676,0.005426984,0.021799039308249342,0.029951945647568055,0.00757676,0.005426984,0.31771589897363517,371.3767448554175,403.5607474716821,332,0.00128012,2.3724430871300797,12.415661386718076,TRUE
E4_S3_F9_09.wav,E4,3,9,9,329.6275569128699,332,664,998,1332,1670,1,0.023895128,0.016234619,0.003646779,0.010476848797468121,0.023895128,0.016234619,0.003646779,0.010476848797468121,-0.386508903,366.5365182319736,402.6652512047941,334,0.002761044,2.3724430871300797,12.415661386718076,TRUE
E4_S3_F9_10.wav,E4,3,9,10,329.6275569128699,332,664,998,1332,1668,1,0.026501546,0.020935240571868352,0.005179651,0.007800183,0.026501546,0.020935240571868352,0.005179651,0.007800183,-0.235759143,368.15756179351825,408.6114588733604,334,0.002459839,2.3724430871300797,12.415661386718076,TRUE
F4_S1_F1_01.wav,F4,1,1,1,349.2282314330039,350,700,1052,1402,1752,1,0.20051048281989456,0.019059341158094507,0.017313775565609032,0.040525889812962346,0.20051048281989456,0.019059341158094507,0.017313775565609032,0.040525889812962346,-2.353261719,474.14947377024896,583.1981750448814,352,0.001119048,0.7717685669961156,3.8216779692029266,TRUE
F4_S1_F1_02.wav,F4,1,1,2,349.2282314330039,349.9854172742802,699.9708345485604,1049.9562518228406,1401.9415857672595,1751.9270030415398,1,0.23184635702427345,0.026261598671134864,0.023969217,0.047162006,0.23184635702427345,0.026261598671134864,0.023969217,0.047162006,-2.177933388,493.56991519021653,583.7458302285538,351.9853339,0.000642857,0.757185841,3.7495447199242733,TRUE
F4_S1_F1_03.wav,F4,1,1,3,349.2282314330039,350,700,1050,1400,1750,1,0.3422012464107657,0.03828365,0.029728059,0.049484709,0.3422012464107657,0.03828365,0.029728059,0.049484709,-2.190352893,519.2556283068028,636.9682128,352,0,0.7717685669961156,3.8216779692029266,TRUE
F4_S1_F1_04.wav,F4,1,1,4,349.2282314330039,350,702,1052,1404,1754,1,0.16458289113048996,0.033627523,0.030241699,0.065496151,0.16458289113048996,0.033627523,0.030241699,0.065496151,-1.588045818,508.7165817359517,617.4726238665942,352,0.00247619,0.7717685669961156,3.8216779692029266,TRUE
F4_S1_F1_05.wav,F4,1,1,5,349.2282314330039,350,700,1052,1402,1752,1,0.092674576,0.015648275037322988,0.01765993,0.058505744,0.092674576,0.015648275037322988,0.01765993,0.058505744,-1.778680375,471.59213686960163,574.4523404127576,352,0.001119048,0.7717685669961156,3.8216779692029266,TRUE
F4_S1_F1_06.wav,F4,1,1,6,349.2282314330039,350,698,1050,1400,1750,1,0.037966229483317224,0.00299116,0.025662498,0.083955461,0.037966229483317224,0.00299116,0.025662498,0.083955461,-2.540727775,488.87776098488445,546.6016662377165,350,0.000714286,0.7717685669961156,3.8216779692029266,TRUE
F4_S1_F1_07.wav,F4,1,1,7,349.2282314330039,350,700,1052,1402,1754,1,0.17752269195330764,0.021035490769268722,0.020894455,0.072040105,0.17752269195330764,0.021035490769268722,0.020894455,0.072040105,-2.13284549,504.87902023980604,615.6689194109109,352,0.001404762,0.7717685669961156,3.8216779692029266,TRUE
F4_S1_F1_08.wav,F4,1,1,8,349.2282314330039,350,700,1050,1400,1752,1,0.098429342,0.014807896858538285,0.021479919335443774,0.071524442,0.098429342,0.014807896858538285,0.021479919335443774,0.071524442,-1.894120969,488.9829203283805,589.4983946088615,352,0.000285714,0.7717685669961156,3.8216779692029266,TRUE
F4_S1_F1_09.wav,F4,1,1,9,349.2282314330039,350,700,1052,1402,1752,1,0.11499578665982689,0.02805448,0.020135343702371123,0.052007342,0.11499578665982689,0.02805448,0.020135343702371123,0.052007342,-1.410720223,476.7613058819949,587.5397607334758,352,0.001119048,0.7717685669961156,3.8216779692029266,TRUE
F4_S1_F1_10.wav,F4,1,1,10,349.2282314330039,350,700,1052,1402,1752,1,0.11582588036473053,0.046933283,0.02826408,0.051775105,0.11582588036473053,0.046933283,0.02826408,0.051775105,-0.903348281,491.46199364475837,574.6389547932586,352,0.001119048,0.7717685669961156,3.8216779692029266,TRUE
F4_S2_F6_01.wav,F4,2,6,1,349.2282314330039,350,700,1052,1404,1754,1,0.029350617334017927,0.040630819,0.038373393,0.000317434,0.029350617334017927,0.040630819,0.038373393,0.000317434,0.325203841,421.87587117173604,450.35101854291634,352,0.001761905,0.7717685669961156,3.8216779692029266,TRUE
F4_S2_F6_02.wav,F4,2,6,2,349.2282314330039,350,702,1054,1406,1758,1,0.049836044454426374,0.042914707704159824,0.030474762663230855,0.000655257,0.049836044454426374,0.042914707704159824,0.030474762663230855,0.000655257,-0.149520666,421.9455253326474,465.5616047702086,352,0.003880952,0.7717685669961156,3.8216779692029266,TRUE
F4_S2_F6_03.wav,F4,2,6,3,349.2282314330039,350,702,1052,1406,1758,1,0.05224084,0.061413591,0.021646323,0.00215287,0.05224084,0.061413591,0.021646323,0.00215287,0.16176374850069566,426.83027500423054,480.18720891030654,352,0.003404762,0.7717685669961156,3.8216779692029266,TRUE
F4_S2_F6_04.wav,F4,2,6,4,349.2282314330039,350,702,1052,1404,1756,1,0.040636281,0.035735216,0.038347381,0.002210873,0.040636281,0.035735216,0.038347381,0.002210873,-0.128521276,424.2362887470172,456.81359431353434,352,0.002761905,0.7717685669961156,3.8216779692029266,TRUE
F4_S2_F6_05.wav,F4,2,6,5,349.2282314330039,350,702,1052,1404,1756,1,0.046085083,0.049559568,0.055457283,0.000222551,0.046085083,0.049559568,0.055457283,0.000222551,0.072684487,445.34900985641156,472.12543158903634,352,0.002761905,0.7717685669961156,3.8216779692029266,TRUE
F4_S2_F6_06.wav,F4,2,6,6,349.2282314330039,350,702,1054,1406,1758,1,0.031208956,0.029946367207567926,0.015770817588046174,0.002845387,0.031208956,0.029946367207567926,0.015770817588046174,0.002845387,-0.041295726,398.8326297490629,449.3610614410456,352,0.003880952,0.7717685669961156,3.8216779692029266,TRUE
F4_S2_F6_07.wav,F4,2,6,7,349.2282314330039,350,702,1052,1404,1754,1,0.017046931,0.031700125351247804,0.030371893,9.30492383670243e-05,0.017046931,0.031700125351247804,0.030371893,9.30492383670243e-05,0.6203233088099865,405.9636326570278,437.7381661331314,352,0.00247619,0.7717685669961156,3.8216779692029266,TRUE
F4_S2_F6_08.wav,F4,2,6,8,349.2282314330039,350,700,1052,1404,1754,1,0.046548189604917446,0.050296993,0.066434037,0.000362846,0.046548189604917446,0.050296993,0.066434037,0.000362846,0.077455584,454.95604237000305,482.1741075,352,0.001761905,0.7717685669961156,3.8216779692029266,TRUE
F4_S2_F6_09.wav,F4,2,6,9,349.2282314330039,350,702,1054,1406,1758,1,0.055575624,0.03900523,0.037709104429070835,0.000303305,0.055575624,0.03900523,0.037709104429070835,0.000303305,-0.354041312,427.0534064280178,469.89356642073125,352,0.003880952,0.7717685669961156,3.8216779692029266,TRUE
F4_S2_F6_10.wav,F4,2,6,10,349.2282314330039,352,702,1054,1406,1758,1,0.06923239,0.025957637,0.035189999,0.000374145,0.06923239,0.025957637,0.035189999,0.000374145,-0.980978876,422.81106262627407,456.8481728268744,352,0.001822917,2.7717685669961156,13.686286135165219,TRUE
F4_S3_F10_01.wav,F4,3,10,1,349.2282314330039,352,702,1058,1414,1770,1,0.007030698,0.048516620764572985,0.001763969,0.007677709,0.007030698,0.048516620764572985,0.001763969,0.007677709,1.9314988827681874,398.4547573487684,428.75279160126735,354,0.003669508,2.7717685669961156,13.686286135165219,TRUE
F4_S3_F10_02.wav,F4,3,10,2,349.2282314330039,352,706,1060,1416,1770,1,0.007431191,0.053522178711425554,0.000477066,0.002225147,0.007431191,0.053522178711425554,0.000477066,0.002225147,1.9742940918002265,393.5427709433551,418.2921697966717,354,0.004498106,2.7717685669961156,13.686286135165219,TRUE
F4_S3_F10_03.wav,F4,3,10,3,349.2282314330039,352,702,1058,1412,1768,1,0.009446991,0.047098792,0.000837797,0.007962349,0.009446991,0.047098792,0.000837797,0.007962349,1.6064664323081297,397.7325108652198,425.2447209273166,352,0.003030303,2.7717685669961156,13.686286135165219,TRUE
F4_S3_F10_04.wav,F4,3,10,4,349.2282314330039,352,706,1060,1416,1770,1,0.006664837,0.037139688105342024,0.000380157,0.001428778,0.006664837,0.037139688105342024,0.000380157,0.001428778,1.717717505272889,381.72871606691865,397.8407571394663,354,0.004498106,2.7717685669961156,13.686286135165219,TRUE
F4_S3_F10_05.wav,F4,3,10,5,349.2282314330039,352,706,1060,1416,1770,1,0.008218162,0.043581105,0.000776768,0.003447304,0.008218162,0.043581105,0.000776768,0.003447304,1.6681784300403506,389.3849789287285,414.5883071732436,354,0.004498106,2.7717685669961156,13.686286135165219,TRUE
F4_S3_F10_06.wav,F4,3,10,6,349.2282314330039,352,706,1060,1414,1770,1,0.008618562,0.048019233,0.000560912,0.012327496140986785,0.008618562,0.048019233,0.000560912,0.012327496140986785,1.7175881687062344,403.5412017,430.3884565375365,354,0.004142992,2.7717685669961156,13.686286135165219,TRUE
F4_S3_F10_07.wav,F4,3,10,7,349.2282314330039,352.01466727780326,706.0294178924122,1060.0441685070211,1414.0589191216302,1768.073669736239,1,0.005665005,0.037780222482664445,0.001326059,0.000526086,0.005665005,0.037780222482664445,0.001326059,0.000526086,1.8973278826491276,381.5835827732069,407.52173062890125,354.01475061460894,0.003858902,2.786435844799371,13.758422390058879,TRUE
F4_S3_F10_08.wav,F4,3,10,8,349.2282314330039,352,706,1060,1414,1770,1,0.007418094,0.042689973767748815,0.001205691,0.006098089,0.007418094,0.042689973767748815,0.001205691,0.006098089,1.7499306134649784,392.4554204720288,416.80689397581403,354,0.004142992,2.7717685669961156,13.686286135165219,TRUE
F4_S3_F10_09.wav,F4,3,10,9,349.2282314330039,352,706,1060,1414,1770,1,0.007881609,0.050298206,0.001346144,0.005174371,0.007881609,0.050298206,0.001346144,0.005174371,1.8533303657950626,396.30174469341506,422.7754900405814,354,0.004142992,2.7717685669961156,13.686286135165219,TRUE
F4_S3_F10_10.wav,F4,3,10,10,349.2282314330039,354,706,1062,1416,1774,1,0.006852679,0.047546442915546994,0.001082548,0.006138162,0.006852679,0.047546442915546994,0.001082548,0.006138162,1.9369424103256814,397.27432374169564,423.31440540725924,354,0.001271186,4.771768566996116,23.495003870005586,TRUE
G3_S3_F0_01.wav,G3,3,0,1,195.99771799087463,196,392,588,784,982,1,0.46373907130259157,0.045391994,0.029188741597493396,0.046685112,0.46373907130259157,0.045391994,0.029188741597493396,0.046685112,-2.323966428,298.55109986989703,364.35416181896625,390,0.000510204,0.002282009,0.020156709,TRUE
G3_S3_F0_02.wav,G3,3,0,2,195.99771799087463,196,392,588,786,982,1,0.685596981,0.041668224,0.032009062,0.048900720644126885,0.685596981,0.041668224,0.032009062,0.048900720644126885,-2.800528601,311.05095817445044,376.0877266142873,392,0.001147959,0.002282009,0.020156709,TRUE
G3_S3_F0_03.wav,G3,3,0,3,195.99771799087463,196,392,588,786,982,1,0.534431535,0.047602661,0.045509396687441826,0.047302835414095794,0.534431535,0.047602661,0.045509396687441826,0.047302835414095794,-2.418295835,307.9143782082895,367.52672074529966,392,0.001147959,0.002282009,0.020156709,TRUE
G3_S3_F0_04.wav,G3,3,0,4,195.99771799087463,196,392,588,786,982,1,0.4520308088644717,0.046059306,0.036399785,0.052468267,0.4520308088644717,0.046059306,0.036399785,0.052468267,-2.283801008,302.72569784848616,377.8294915842502,392,0.001147959,0.002282009,0.020156709,TRUE
G3_S3_F0_05.wav,G3,3,0,5,195.99771799087463,196,392,588,786,982,1,0.7317715883225382,0.036559096,0.063285123,0.079043707,0.7317715883225382,0.036559096,0.063285123,0.079043707,-2.996512425,330.6262750301742,400.4678634328318,392,0.001147959,0.002282009,0.020156709,TRUE
G3_S3_F0_06.wav,G3,3,0,6,195.99771799087463,196,392,588,786,982,1,0.7506682275510288,0.026198006204745553,0.043111429,0.046631719,0.7506682275510288,0.026198006204745553,0.043111429,0.046631719,-3.355243633,313.5869293089203,379.7461852398904,392,0.001147959,0.002282009,0.020156709,TRUE
G3_S3_F0_07.wav,G3,3,0,7,195.99771799087463,196,392,590,786,984,1,0.6979962105455034,0.018682296905647586,0.042068051,0.054878679868484784,0.6979962105455034,0.018682296905647586,0.042068051,0.054878679868484784,-3.620585195,313.02121678307645,393.5854457142985,394,0.002508503,0.002282009,0.020156709,TRUE
G3_S3_F0_08.wav,G3,3,0,8,195.99771799087463,196,392,590,786,984,1,0.544976703,0.019893845463843703,0.048866099906135683,0.048050582,0.544976703,0.019893845463843703,0.048866099906135683,0.048050582,-3.310284206,305.1285714762242,374.46067246116826,392,0.002508503,0.002282009,0.020156709,TRUE
G3_S3_F0_09.wav,G3,3,0,9,195.99771799087463,196,392,590,786,984,1,0.46527107873808976,0.031338904708894735,0.033894474049438926,0.056481769,0.46527107873808976,0.031338904708894735,0.033894474049438926,0.056481769,-2.697730154,301.89003899934755,395.34318300811407,392,0.002508503,0.002282009,0.020156709,TRUE
G3_S3_F0_10.wav,G3,3,0,10,195.99771799087463,196,394,590,786,984,1,0.5592729280486926,0.038243943,0.030450512438770016,0.069443676,0.5592729280486926,0.038243943,0.030450512438770016,0.069443676,-2.682628048,312.9378338495459,414.3634214528586,394,0.003784014,0.002282009,0.020156709,TRUE
G3_S4_F5_01.wav,G3,4,5,1,195.99771799087463,196,392,588,784,980,1,0.8668376873008189,0.04163735,0.095463129,0.006144677,0.8668376873008189,0.04163735,0.095463129,0.006144677,-3.035831283,318.9659641185198,385.7932852967787,392,0,0.002282009,0.020156709,TRUE
G3_S4_F5_02.wav,G3,4,5,2,195.99771799087463,194,392,588,784,980,0.7501664334676692,1,0.060439101,0.1656134562368025,0.021080485,1.3330375172579594,0.080567589,0.2207689505264169,0.028101078,-2.806103468,362.27431757748525,423.6812732452291,392,0.010309278350515464,-1.997717991,-17.73624561,TRUE
G3_S4_F5_03.wav,G3,4,5,3,195.99771799087463,196,392,588,786,982,1,0.7817968822872915,0.034699165,0.076371895,0.014658076414291787,0.7817968822872915,0.034699165,0.076371895,0.014658076414291787,-3.114851815,313.122873,384.80909778098277,392,0.001147959,0.002282009,0.020156709,TRUE
G3_S4_F5_04.wav,G3,4,5,4,195.99771799087463,196,392,590,786,982,1,0.8541214655713322,0.021596538923577026,0.088511423,0.012554911764827169,0.8541214655713322,0.021596538923577026,0.088511423,0.012554911764827169,-3.677495216,316.40096599896134,383.49335617886067,392,0.001998299,0.002282009,0.020156709,TRUE
G3_S4_F5_05.wav,G3,4,5,5,195.99771799087463,196,392,588,786,982,1,0.8998326712560855,0.030400011426901612,0.081476319,0.020640001640083828,0.8998326712560855,0.030400011426901612,0.081476319,0.020640001640083828,-3.387734058,320.2788897613959,378.3158796013523,392,0.001147959,0.002282009,0.020156709,TRUE
G3_S4_F5_06.wav,G3,4,5,6,195.99771799087463,196,392,588,784,980,0.9194820856305902,1,0.048018896,0.089672008,0.008330632,1.0875687690143412,0.052223851,0.097524475,0.009060136,-3.036140861,328.6948840008068,392.04895201139794,392,0,0.002282009,0.020156709,TRUE
G3_S4_F5_07.wav,G3,4,5,7,195.99771799087463,196.00816700695862,392.01633401391723,590.0245843576815,786.0327513646403,982.0409183715989,1,0.874614291,0.042278423,0.082999335,0.0176208,0.874614291,0.042278423,0.082999335,0.0176208,-3.029483617,320.3752118435485,383.70170489386754,394.0164174,0.001998299,0.010449016083981633,0.092292964,TRUE
G3_S4_F5_08.wav,G3,4,5,8,195.99771799087463,196,392,590,786,982,1,0.6690977841834875,0.040887939,0.089496596,0.009186756,0.6690977841834875,0.040887939,0.089496596,0.009186756,-2.79507213,310.60183521440376,379.46374696520525,392,0.001998299,0.002282009,0.020156709,TRUE
G3_S4_F5_09.wav,G3,4,5,9,195.99771799087463,196,392,590,786,982,1,0.8265164925402478,0.053296134,0.1141943569245665,0.024590855,0.8265164925402478,0.053296134,0.1141943569245665,0.024590855,-2.74133852,329.6070943323395,409.53405317636646,392,0.001998299,0.002282009,0.020156709,TRUE
G3_S4_F5_10.wav,G3,4,5,10,195.99771799087463,196,392,588,786,982,1,0.7534009995365144,0.040161329,0.08556838,0.016310134,0.7534009995365144,0.040161329,0.08556838,0.016310134,-2.931669487,315.61066832692177,381.5888645352395,392,0.001147959,0.002282009,0.020156709,TRUE
G3_S5_F10_01.wav,G3,5,10,1,195.99771799087463,194,392,590,786,980,1,0.2364925952979057,0.11969485982012125,0.044981672142356946,0.036724153964369816,0.2364925952979057,0.11969485982012125,0.044981672142356946,0.036724153964369816,-0.680967102,298.12388404409063,489.0392047823511,196,0.011812715,-1.997717991,-17.73624561,TRUE
G3_S5_F10_02.wav,G3,5,10,2,195.99771799087463,194,394,590,786,980,1,0.039626801611617204,0.1403581930172085,0.00966759,0.032086119,0.039626801611617204,0.1403581930172085,0.00966759,0.032086119,1.2646738684894154,271.3079438545797,444.73303277938476,196,0.013101374570446736,-1.997717991,-17.73624561,TRUE
G3_S5_F10_03.wav,G3,5,10,3,195.99771799087463,194,392,590,786,980,1,0.046746253,0.092533221,0.007449678,0.013779251976942223,0.046746253,0.092533221,0.007449678,0.013779251976942223,0.6828230254838462,246.68347471022213,450.2265632851769,196,0.011812715,-1.997717991,-17.73624561,TRUE
G3_S5_F10_04.wav,G3,5,10,4,195.99771799087463,196,394,590,786,984,1,0.21927106580612554,0.21759304361334406,0.037425263511204905,0.075989008,0.21927106580612554,0.21759304361334406,0.037425263511204905,0.075989008,-0.007682127,332.1739777099777,433.00979636341384,196,0.003784014,0.002282009,0.020156709,TRUE
G3_S5_F10_05.wav,G3,5,10,5,195.99771799087463,196,394,590,786,984,1,0.039363097,0.21273830829981588,0.012844871843806777,0.15347814063556836,0.039363097,0.21273830829981588,0.012844871843806777,0.15347814063556836,1.6872133592474865,351.1947591405555,468.8666107089188,196,0.003784014,0.002282009,0.020156709,TRUE
G3_S5_F10_06.wav,G3,5,10,6,195.99771799087463,194,394,590,786,980,1,0.1544081009989055,0.4254511665269641,0.030280112185123408,0.023106591203704535,0.1544081009989055,0.4254511665269641,0.030280112185123408,0.023106591203704535,1.0135469444542786,338.15947961120725,604.8189642540118,588,0.013101374570446736,-1.997717991,-17.73624561,TRUE
G3_S5_F10_07.wav,G3,5,10,7,195.99771799087463,194,392,590,782,980,1,0.029802827,0.32356660377156454,0.003867339,0.009469946,0.029802827,0.32356660377156454,0.003867339,0.009469946,2.384771261481621,299.1803626,457.5807286644701,196,0.010524054982817868,-1.997717991,-17.73624561,TRUE
G3_S5_F10_08.wav,G3,5,10,8,195.99771799087463,194,392,588,786,980,1,0.11269350109594853,0.386395505,0.014243599538351612,0.043324474684190525,0.11269350109594853,0.386395505,0.014243599538351612,0.043324474684190525,1.2321834304653039,333.42594873556027,527.9945555597982,202,0.010953608,-1.997717991,-17.73624561,TRUE
G3_S5_F10_09.wav,G3,5,10,9,195.99771799087463,196,390,590,782,984,1,0.044079218469719975,0.28747588708947136,0.00432498,0.1684835749258104,0.044079218469719975,0.28747588708947136,0.00432498,0.1684835749258104,1.8751313432314671,366.9137024665828,477.0412900902567,196,0.003784014,0.002282009,0.020156709,TRUE
G3_S5_F10_10.wav,G3,5,10,10,195.99771799087463,194,394,590,786,980,1,0.12294421116216328,0.28340801428623646,0.013545374359979179,0.010742156,0.12294421116216328,0.28340801428623646,0.013545374359979179,0.010742156,0.8351523159648869,301.14130595857046,477.1703749305591,196,0.013101374570446736,-1.997717991,-17.73624561,TRUE
test_29.wav,,,,,,,,,,,,,,,,,,,,,,,,,,,
test_30.wav,,,,,,,,,,,,,,,,,,,,,,,,,,,
test_31.wav,,,,,,,,,,,,,,,,,,,,,,,,,,,
test_32.wav,,,,,,,,,,,,,,,,,,,,,,,,,,,
test_33.wav,,,,,,,,,,,,,,,,,,,,,,,,,,,
test_34.wav,,,,,,,,,,,,,,,,,,,,,,,,,,,
